path,type,content
/,dir,
/readme.txt,file,0JTQvtCx0YDQviDQv9C+0LbQsNC70L7QstCw0YLRjCDQsiBWRlMK0Y3RgtC+INGC0LXRgdGC0L7QstGL0Lkg0YTQsNC50LsK
/docs,dir,
/docs/notes.txt,file,0LfQsNC80LXRgtC60LAgMQrQt9Cw0LzQtdGC0LrQsCAyCtC30LDQvNC10YLQutCwIDMK
/docs/projects,dir,
/docs/projects/2024,dir,
/docs/projects/2024/report.txt,file,0J7RgtGH0ZHRgiDQt9CwIDIwMjQg0LPQvtC0Lgo=
/logs,dir,
/logs/app.log,file,0YHRgtGA0L7QutCwIDEK0YHRgtGA0L7QutCwIDIK0YHRgtGA0L7QutCwIDMK0YHRgtGA0L7QutCwIDQK0YHRgtGA0L7QutCwIDUK0YHRgtGA0L7QutCwIDYK0YHRgtGA0L7QutCwIDcK0YHRgtGA0L7QutCwIDgK0YHRgtGA0L7QutCwIDkK0YHRgtGA0L7QutCwIDEwCtGB0YLRgNC+0LrQsCAxMQrRgdGC0YDQvtC60LAgMTIK
/empty,dir,
